#SampleID	barcodes
#q2:types	categorical
5RRXJune201716S	CTACAGGGTCTC
8RXNJune201716S	GTTCATTAAACT
32RXXJune201716S	TTCGATGCCGCA
35LRXJune201716S	TCGTTATTCAGT
35RRNJune201716S	ACTCTGTAATTA
48LXXJune201716S	ATATGTTCTCAA
8LXXAugust201616S	TCAGACCAACTG
14LRNJune201716S	TCATTAGCGTGG
48RXNSeptember201716S	CTTGGAGGCTTA
7LRXAugust201616S	ATGCTGCAACAC
22LXXMarch201716S	AGAGGGTGATCG
18RXXJune201716S	GGATACTCGCAT
14RRXDecember201716S	TCATGGCCTCCG
32RXXDecember201616S	ATGTGCTGCTCG
5LRNMarch201816S	CCACGAGCAGGC
45LRXDecember201616S	CGCCGTACTTGC
14RRXMarch201816S	TATCATATTACG
47RRXJune201716S	CCTTGACCGATG
25RRNDecember201716S	AGCTCTAGAAAC
8LXXMarch201716S	AATGTTCAACTT
35RRNDecember201616S	CAATCATAGGTG
27LXNDecember201616S	CCGATAAAGGTT
46LXNAugust201616S	GCGTGCCCGGCC
35RRNDecember201716S	GAAGTAGCGAGC
25LRXAugust201616S	CTATATTATCCG
22LXXJune201716S	CAAACTGCGTTG
45LRXMarch201716S	CTGACACGAATA
45RRNJune201716S	AGCAGTGCGGTG
46LXNMarch201716S	GTTGGACGAAGG
46RXXDecember201716S	CAGGAACCAGGA
20RRNDecember201616S	CAAAGGAGCCCG
22LXXDecember201716S	CCAACCCAGATC
48LXXMarch201816S	ACCGAACAATCC
5RRXDecember201716S	CGTCCGTATGAA
32LXNDecember201616S	GCTGCCCACCTA
14LRNMarch201716S	GCATATGCACTG
14RRXDecember201616S	GTCACTCCGAAC
47RRXMarch201716S	CCAGGACAGGAA
7RRNSeptember201716S	TGCGGCGTCAGG
45RRNMarch201816S	TTAAGTTAAGTT
20RRNMarch201716S	ACGGTACCCTAC
22LXXSeptember201716S	CGACACGGAGAA
8RXNDecember201616S	GCGTTTGCTAGC
20LRXSeptember201716S	CCGGCGACAGAA
4RXNJune201716S	CGTTCTGGTGGT
46LXNDecember201716S	ATCGTAGTGGTC
4LXXSeptember201716S	TTACTGTGGCCG
48RXNMarch201816S	AGCCGCGGGTCC
48LXXMarch201716S	TGAGTCATTGAG
22RXNMarch201816S	TCCACAGGGTTC
8LXXDecember201716S	AGATCGTGCCTA
27RXXMarch201816S	CCTCACTAGCGA
47RRXMarch201816S	TAGTTCGGTGAC
45LRXSeptember201716S	ACTAAAGCAAAC
5RRXSeptember201716S	CTTGCTCATAAT
45RRNAugust201616S	GGTAGTTCATAG
32LXNAugust201616S	ACCTACTTGTCT
18RXXMarch201716S	GGAGAACGACAC
47RRXDecember201616S	AATTAATATGTA
27LXNAugust201616S	CTAATCAGAGTG
4RXNMarch201716S	TTAATGGATCGG
5RRXMarch201816S	TAGGAACTCACC
47RRXSeptember201716S	ACGACAACGGGC
7RRNMarch201816S	CGATGAATATCG
46LXNJune201716S	ACTGTGACGTCC
20RRNMarch201816S	CCTACCATTGTT
22LXXDecember201616S	CATTTCGCACTT
22RXNSeptember201716S	CTACTCCACGAG
35RRNAugust201616S	TCAAGTCCGCAC
8RXNDecember201716S	GTCCGTCCTGGT
46RXXJune201716S	CTAGCGTGCGTT
4LXXDecember201716S	GTTCTAAGGTGA
20LRXJune201716S	CTCTGAGGTAAC
18LXNDecember201616S	TCCGGCGGGCAA
45LRXMarch201816S	ACATGATATTCT
18LXNJune201716S	TAAGGCATCGCT
22RXNJune201716S	CACACAAAGTCA
20LRXMarch201716S	TGACTAATGGCC
5LRNMarch201716S	GTGGAGTCTCAT
32RXXMarch201816S	TGATGTGCTAAG
32LXNMarch201716S	TGTGCACGCCAT
22RXNMarch201716S	GGTGAGCAAGCA
35LRXDecember201716S	CTATGTATTAGT
35RRNMarch201816S	TCCATACCGGAA
47LRNDecember201716S	TTGCCGCTCTGG
25RRNMarch201816S	CGGGACACCCGA
8RXNSeptember201716S	ACCTTACACCTT
32RXXAugust201616S	GTAGTAGACCAT
4RXNMarch201816S	CCGGACAAGAAG
46RXXSeptember201716S	TAAATATACCCT
48LXXAugust201616S	ACTCCCGTGTGA
4LXXMarch201816S	AGCCCTGCTACA
8LXXSeptember201716S	ACTCGCTCGCTG
4LXXMarch201716S	CTGTCTATACTA
35LRXAugust201616S	TAATCTCGCCGG
27LXNSeptember201716S	AGTAAAGATCGT
7RRNDecember201616S	TTGCTGGACGCT
14LRNSeptember201716S	TTGCGGACCCTA
46LXNSeptember201716S	TAAACCTGGACA
5RRXDecember201616S	CCTAACGGTCCA
18RXXAugust201616S	TTCCTTAGTAGT
18RXXDecember201716S	TATGCCAGAGAT
35LRXMarch201716S	ATCTAGTGGCAA
4LXXAugust201616S	CTCGCCCTCGCC
7RRNJune201716S	TACTAACGCGGT
20LRXDecember201716S	GTCGTCCAAATG
8LXXDecember201616S	GACTCTGCTCAG
18LXNMarch201716S	CGCGCCTTAAAC
32LXNDecember201716S	CCACAACGATCA
14LRNDecember201616S	CGTTTGGAATGA
22RXNDecember201616S	ACGCTTAACGAC
4LXXJune201716S	TCTCTTTCGACA
18RXXDecember201616S	GCATAAACGACT
5RRXAugust201616S	TGCACAGTCGCT
48RXNAugust201616S	GTCATGCTCCAG
47LRNAugust201616S	TATGGTACCCAG
4LXXDecember201616S	ACGTGAGGAACG
20LRXMarch201816S	AAGAACTCATGA
25LRXSeptember201716S	TACGGATTATGG
32RXXMarch201716S	ACATACTGAGCA
22RXNDecember201716S	CAAACGCACTAA
48RXNDecember201716S	CACCATCTCCGG
47LRNMarch201716S	TACCGAAGGTAT
7LRXJune201716S	TACAATATCTGT
46RXXDecember201616S	GGTTGCCCTGTA
35RRNMarch201716S	TGATATCGTCTT
35LRXMarch201816S	ATACATGCAAGA
4RXNSeptember201716S	GTTGATACGATG
46LXNMarch201816S	GAAGAGGGTTGA
18LXNAugust201616S	GGTTCATGAACA
5LRNJune201716S	TGAGTATGAGTA
22RXNAugust201616S	AATTTAGGTAGG
46LXNDecember201616S	CATATAGCCCGA
18LXNMarch201816S	CGGTGACCTACT
35LRXDecember201616S	CTTAGTGCAGAA
47LRNMarch201816S	GTCAACGCTGTC
32RXXDecember201716S	TGAGTGGTCTGT
45RRNDecember201716S	TAACAATAATTC
25RRNMarch201716S	AATGGTTCAGCA
14LRNMarch201816S	GACTCAACCAGT
18LXNDecember201716S	GCCTATGAGATC
20LRXAugust201616S	AATGCGCGTATA
25LRXMarch201716S	AATCTTGCGCCG
27LXNMarch201716S	TGAGACCCTACA
18RXXMarch201816S	TTACACAAAGGC
32RXXSeptember201716S	CTTATTAAACGT
48RXNJune201716S	GAACCAGTACTC
45RRNDecember201616S	GCCTCTACGTCG
7LRXDecember201716S	CAAGTGAAGGGA
27RXXJune201716S	CTTGATTCTTGA
18LXNSeptember201716S	AGGATCAGGGAA
8RXNAugust201616S	ACTTGGTGTAAG
47RRXAugust201616S	ACGACGCATTTG
45LRXDecember201716S	GCTCGAAGATTC
14LRNDecember201716S	CGCACCCATACA
22LXXAugust201616S	ACTACTGAGGAT
27RXXDecember201616S	CACGTTTATTCC
8RXNMarch201716S	GAAATCTTGAAG
5RRXMarch201716S	AATAACTAGGGT
46RXXMarch201816S	ATTACGTATCAT
48LXXDecember201616S	TATCCAAGCGCA
47RRXDecember201716S	GCGCGGCGTTGC
35LRXSeptember201716S	GTGCCATAATCG
20RRNSeptember201716S	AATTCACCTCCT
35RRNSeptember201716S	TAATCGGTGCCA
47LRNJune201716S	GAGATACAGTTC
45RRNMarch201716S	TATTGCAGCAGC
47LRNSeptember201716S	CACGCAGTCTAC
25RRNJune201716S	AGAGCCAAGAGC
7LRXSeptember201716S	AGCCTTCGTCGC
7RRNDecember201716S	CGTATAAATGCG
20RRNDecember201716S	CGAGGCGAGTCA
14RRXSeptember201716S	TAGTCTAAGGGT
27LXNDecember201716S	ATGACTAAGATG
45RRNSeptember201716S	CATGTCTTCCAT
32LXNSeptember201716S	TAATCCATAATC
25RRNAugust201616S	GCAACGAACGAG
25LRXJune201716S	AGCGCGGCGAAT
14RRXAugust201616S	GTCAGGTGCGGC
20LRXDecember201616S	TTCCAATACTCA
8LXXJune201716S	TATTTGATTGGT
8RXNMarch201816S	TACAGCGCATAC
48LXXDecember201716S	AACAGTAAACAA
14RRXMarch201716S	CCTCCGTCATGG
14RRXJune201716S	AGATGTCCGTCA
32LXNMarch201816S	TAGCAGTTGCGT
47LRNDecember201616S	TTGAACAAGCCA
25LRXMarch201816S	AACTCAATAGCG
27RXXAugust201616S	CCTCGCATGACC
27RXXDecember201716S	CGCGCAAGTATT
5LRNDecember201716S	AAGGCGCTCCTT
27LXNJune201716S	CGCAATGAGGGA
18RXXSeptember201716S	GGCGTAACGGCA
45LRXAugust201616S	AATACAGACCTG
25LRXDecember201716S	GATCTAATCGAG
7RRNMarch201716S	CCGCAGCCGCAG
4RXNDecember201616S	GCGAGGAAGTCC
25RRNSeptember201716S	GGACAAGTGCGA
7LRXMarch201816S	CTGATGTACACG
27RXXMarch201716S	TGGAGCCTTGTC
27LXNMarch201816S	CAAATTCGGGAT
25RRNDecember201616S	TACGGTCTGGAT
5LRNSeptember201716S	ACGTATTCGAAG
4RXNAugust201616S	TTACTTATCCGA
48LXXSeptember201716S	TTGTGTCTCCCT
46RXXMarch201716S	TTCAGTTCGTTA
20RRNJune201716S	GACGTTAAGAAT
27RXXSeptember201716S	ATGGGACCTTCA
4RXNDecember201716S	CAATGTAGACAC
45LRXJune201716S	CCGCGTCTCAAC
8LXXMarch201816S	TGGTGGAGTTTC
22LXXMarch201816S	TCCGATAATCGG
5LRNDecember201616S	AACCACTAACCG
48RXNDecember201616S	CCGAGGTATAAT
48RXNMarch201716S	TTAACAAGGCAA
7LRXMarch201716S	AAGTCACACACA
46RXXAugust201616S	AACTTTCAGGAG
25LRXDecember201616S	AGATTCGCTCGA
7LRXDecember201616S	AACCGCATAAGT
